query,response
Can I apply to this college without any prior programming experience?,"Yes, this college welcomes applicants from diverse backgrounds, including those with no prior programming experience. Our programs are designed to accommodate learners at all levels."
What are the prerequisites for admission to your college?,"Our college has varying prerequisites depending on the program you're interested in. Generally, we require a high school diploma or equivalent, standardized test scores (such as SAT or ACT), and possibly letters of recommendation or a personal statement. Specific program requirements may include prerequisites in mathematics, science, or other subjects."
Are there any scholarships or financial aid options available?,"Yes, our college offers scholarships and financial aid to eligible students. We encourage you to explore our website or contact our admissions office for more information on available opportunities and how to apply."
Can I transfer credits from another institution?,"Yes, our college accepts transfer credits from accredited institutions. The transfer process is evaluated on a case-by-case basis, and you may be required to submit transcripts and course syllabi for review. Please contact our admissions office for more information."
What majors and programs does your college offer?,"Our college offers a wide range of majors and programs across various fields, including but not limited to: Computer Science, Engineering, Business Administration, Psychology, Biology, and Education. You can explore our website or contact our admissions office for a comprehensive list of programs."
Is there campus housing available?,"Yes, our college offers on-campus housing options for students. Availability may vary depending on demand, so we recommend applying for housing as soon as possible. Additionally, we provide resources for off-campus housing options for students who prefer to live independently."
What is the student-to-faculty ratio at your college?,"Our college prides itself on maintaining small class sizes and fostering meaningful interactions between students and faculty. The student-to-faculty ratio varies by program and department but generally ranges from 10:1 to 20:1."
Do you offer opportunities for undergraduate research or internships?,"Yes, our college encourages undergraduate research and provides opportunities for students to engage in hands-on learning experiences, internships, and collaborative projects with faculty members and industry partners. These experiences enrich the academic journey and prepare students for future careers."
What support services are available for students?,"Our college offers a range of support services to help students succeed academically, socially, and personally. These services may include academic advising, tutoring, counseling and mental health services, career development resources, disability support services, and more. We are committed to supporting the holistic well-being of our students."
What sets your college apart from others?,"Our college distinguishes itself through its commitment to academic excellence, personalized attention to students, diverse and inclusive community, robust support services, opportunities for experiential learning, and strong connections to industry partners. We prioritize student success and strive to provide a transformative educational experience."
What is the average class size at your college?,"The average class size at our college varies depending on the program and course level. However, we prioritize small class sizes to facilitate interactive learning and personalized attention from faculty members."
Does your college offer study abroad programs?,"Yes, our college offers study abroad programs that allow students to immerse themselves in different cultures, gain global perspectives, and earn academic credits. We have partnerships with universities and institutions worldwide to provide diverse study abroad opportunities."
Are there opportunities for leadership development at your college?,"Yes, our college provides numerous opportunities for leadership development through student organizations, clubs, honor societies, and leadership programs. These experiences empower students to hone their leadership skills, collaborate with peers, and make a positive impact on campus and beyond."
What types of sports and recreational facilities are available on campus?,"Our college offers a range of sports and recreational facilities, including gyms, fitness centers, swimming pools, sports fields, tennis courts, and indoor/outdoor tracks. Students can participate in intramural sports, club teams, fitness classes, and recreational activities to stay active and healthy."
Are there specialized academic support programs for first-generation college students?,"Yes, our college offers specialized academic support programs for first-generation college students to ensure their successful transition to and through college. These programs may include mentorship, workshops, advising, and resources tailored to the unique needs of first-gen students."
What resources are available for career exploration and job placement?,"Our college provides comprehensive career exploration and job placement resources to help students identify their career goals, develop professional skills, secure internships and employment opportunities, and navigate the job market. These resources may include career fairs, networking events, resume workshops, and alumni connections."
Can students participate in undergraduate research from their freshman year?,"Yes, our college encourages students to engage in undergraduate research from their freshman year onwards. We offer research opportunities across disciplines, mentorship from faculty members, funding for research projects, and participation in conferences and publications."
Does your college have a diverse student body?,"Yes, our college prides itself on its diverse student body, which encompasses individuals from various backgrounds, cultures, and perspectives. We believe that diversity enriches the academic experience and fosters a vibrant and inclusive campus community."
What cultural and extracurricular activities are available on campus?,"Our college offers a wide range of cultural and extracurricular activities to enrich student life and promote diversity, creativity, and engagement. These activities may include cultural festivals, performing arts showcases, student clubs, volunteer opportunities, and community service projects."
Is there a writing center or academic support center on campus?,"Yes, our college has a writing center and academic support center staffed by trained tutors and professionals who provide assistance with writing, research, study skills, time management, and academic strategies. These resources are available to all students free of charge."
Are there opportunities for students to engage in community service or volunteer work?,"Yes, our college values community engagement and offers opportunities for students to participate in community service, volunteer work, and service-learning projects. These experiences allow students to make a positive impact, develop empathy and leadership skills, and contribute to society."
What is the retention rate of first-year students at your college?,"Our college has a strong retention rate for first-year students, indicating our commitment to providing a supportive and enriching environment that helps students succeed and persist in their academic pursuits."
Are there honors programs or special academic opportunities for high-achieving students?,"Yes, our college offers honors programs and special academic opportunities for high-achieving students who seek additional challenges, intellectual stimulation, and recognition for their academic accomplishments. These programs may include honors courses, research projects, seminars, and thesis opportunities."
Does your college offer online courses or distance learning programs?,"Yes, our college offers online courses and distance learning programs to provide flexibility and accessibility for students who may have work, family, or other commitments. These courses maintain the same academic rigor and quality as traditional on-campus courses and are taught by experienced faculty members."
What support services are available for international students?,"Our college offers comprehensive support services for international students to assist with their transition to the U.S. and academic success. These services may include orientation programs, immigration advising, English language support, cultural adjustment assistance, and international student clubs and organizations."
Is there a dedicated office for students with disabilities?,"Yes, our college has a dedicated office for students with disabilities that provides accommodations, support services, and resources to ensure equal access and opportunities for all students. We work closely with students, faculty, and staff to create an inclusive and accessible campus environment."
What are the dining options available on campus?,"Our college offers a variety of dining options to cater to diverse tastes and dietary preferences. These options may include dining halls, cafes, food trucks, grab-and-go stations, and specialty eateries. We prioritize quality, variety, and sustainability in our dining services."
What steps has your college taken to promote sustainability and environmental responsibility?,"Our college is committed to sustainability and environmental responsibility and has implemented various initiatives to reduce our carbon footprint, conserve resources, and promote eco-friendly practices. These initiatives may include recycling programs, energy-efficient buildings, sustainable transportation options, and campus-wide sustainability campaigns."
Does your college provide opportunities for students to engage in civic engagement and social justice initiatives?,"Yes, our college values civic engagement and social justice and provides opportunities for students to participate in advocacy, activism, community organizing, and social justice initiatives. These opportunities may include service projects, rallies, protests, awareness campaigns, and dialogue forums."
What health and wellness services are available on campus?,"Our college offers a range of health and wellness services to support the physical, mental, and emotional well-being of students. These services may include medical clinics, counseling centers, wellness programs, fitness classes, mindfulness workshops, and stress management resources."
Are there opportunities for students to study and conduct research abroad?,"Yes, our college offers opportunities for students to study and conduct research abroad through exchange programs, faculty-led trips, research partnerships, and study abroad scholarships. These experiences allow students to gain global perspectives, develop intercultural competence, and expand their academic horizons."
Does your college provide support for LGBTQ+ students?,"Yes, our college is committed to supporting LGBTQ+ students and creating a campus environment that is inclusive, affirming, and welcoming to all gender identities and sexual orientations. We offer LGBTQ+ resource centers, support groups, ally training programs, and advocacy initiatives to promote LGBTQ+ visibility, acceptance, and equality."
What is the graduation rate of students at your college?,"Our college has a high graduation rate, indicating our commitment to student success and retention. We provide academic support, advising, mentorship, and resources to help students progress towards graduation and achieve their educational goals in a timely manner."
Are there opportunities for students to collaborate with faculty on research projects?,"Yes, our college encourages students to collaborate with faculty on research projects, independent studies, and creative endeavors across disciplines. These collaborations foster mentorship, intellectual curiosity, critical thinking, and innovation, and may result in publications, presentations, or exhibitions."
What types of academic support are available for students struggling in classes?,"Our college offers various academic support services for students facing challenges in their classes. These may include tutoring sessions, study groups, supplemental instruction sessions, academic workshops, and one-on-one mentoring with faculty or peer tutors."
Are there opportunities for students to publish their research in academic journals?,"Yes, our college provides opportunities for students to publish their research in academic journals, both within their disciplines and interdisciplinary fields. Faculty mentorship, research symposiums, and partnerships with scholarly publications facilitate this process."
Does your college offer dual-degree programs or combined majors?,"Yes, our college offers dual-degree programs and combined majors that allow students to pursue two different degrees or disciplines simultaneously. These programs provide interdisciplinary perspectives, broaden career options, and enhance intellectual versatility."
What types of technology and resources are available in the campus libraries?,"Our campus libraries provide access to a wide range of technology and resources, including computers, printers, scanners, research databases, e-books, academic journals, multimedia materials, study spaces, and expert library staff to assist with research and information literacy."
Is there a career center that helps students with resume building and job interviews?,"Yes, our college has a dedicated career center staffed by professionals who assist students with resume building, cover letter writing, job search strategies, interview preparation, networking skills, career assessments, and professional development workshops."
Are there opportunities for students to study abroad during short-term breaks or summer sessions?,"Yes, our college offers short-term study abroad programs and summer sessions that allow students to explore different countries, cultures, and academic topics while earning credits towards their degrees. These programs range from a few weeks to a few months and cover various subjects."
What types of campus safety measures are in place to ensure student well-being?,"Our college prioritizes campus safety and has implemented various measures to ensure student well-being. These may include campus security patrols, emergency call boxes, safety escorts, safety training programs, crime prevention initiatives, and partnerships with local law enforcement agencies."
Does your college provide opportunities for students to participate in co-op programs or internships?,"Yes, our college offers co-op programs and internships that provide students with valuable work experience, professional networking opportunities, and academic credit. These programs may be paid or unpaid and may take place during the academic year or summer breaks."
What mental health resources are available for students dealing with stress or anxiety?,"Our college provides comprehensive mental health resources and counseling services to support students dealing with stress, anxiety, depression, or other mental health concerns. These services may include individual counseling, group therapy, crisis intervention, psychoeducational workshops, and referral to off-campus providers."
Are there opportunities for students to get involved in community service projects locally?,"Yes, our college encourages students to engage in community service projects locally through volunteer opportunities, service-learning courses, alternative break programs, and partnerships with community organizations. These experiences allow students to give back, make meaningful connections, and address social issues."
What cultural resources or centers are available for students from diverse backgrounds?,"Our college provides cultural resources and centers to support students from diverse backgrounds, including multicultural centers, ethnic student organizations, cultural programming, heritage months, identity-based retreats, and intercultural workshops."
Are there opportunities for students to receive academic credit for internships or work experience?,"Yes, our college offers opportunities for students to receive academic credit for internships, co-op experiences, practicums, field placements, and other forms of work-based learning. These experiences integrate academic theory with real-world practice and may involve reflective assignments or projects."
Does your college have a mentorship program for first-year students?,"Yes, our college has a mentorship program for first-year students that pairs them with upperclassmen, faculty, staff, or alumni mentors who provide guidance, support, and resources to help them navigate the transition to college, set goals, and thrive academically and personally."
What types of financial aid are available for graduate students?,"Our college offers various forms of financial aid for graduate students, including scholarships, fellowships, assistantships, grants, loans, and tuition waivers. Eligibility criteria, application processes, and deadlines may vary by program, so we encourage graduate students to contact their departments or the financial aid office for more information."
Are there opportunities for students to participate in entrepreneurship programs or start their own businesses?,"Yes, our college provides entrepreneurship programs, startup incubators, business competitions, and resources to support students interested in launching their own businesses or pursuing entrepreneurial ventures. These programs offer mentorship, funding, networking opportunities, and access to industry experts and investors."
What is the process for students to change their major or declare a minor?,"The process for students to change their major or declare a minor varies by college and department. Generally, students are required to meet with an academic advisor to discuss their interests, academic goals, and degree requirements. They may need to complete a formal application or paperwork to officially change their major or declare a minor."
Does your college offer online tutoring services for students who cannot attend in-person sessions?,"Yes, our college offers online tutoring services for students who cannot attend in-person sessions due to scheduling conflicts, distance, or other reasons. These services provide flexibility and convenience, allowing students to access academic support from anywhere with an internet connection."
What types of recreational clubs and activities are available on campus?,"Our college offers a wide range of recreational clubs and activities to cater to diverse interests and hobbies. These may include sports clubs, outdoor recreation groups, hobby clubs, gaming clubs, cultural clubs, performance groups, and special interest organizations."
Are there opportunities for students to participate in undergraduate research conferences or presentations?,"Yes, our college provides opportunities for students to participate in undergraduate research conferences, symposiums, presentations, and poster sessions to showcase their scholarly work, share their findings, and engage with peers, faculty, and experts in their fields."
What types of academic advising services are available for students?,"Our college offers comprehensive academic advising services to help students navigate their academic journey, select courses, choose majors, plan for graduation, and explore career options. Academic advisors provide guidance, support, and resources to empower students to make informed decisions and achieve their educational goals."
Does your college offer study groups or collaborative learning opportunities?,"Yes, our college offers study groups, collaborative learning sessions, and peer tutoring programs to promote academic success and engagement among students. These opportunities encourage teamwork, communication skills, critical thinking, and peer support."
What is the process for students to apply for financial aid?,"The process for students to apply for financial aid typically involves completing the Free Application for Federal Student Aid (FAFSA) or other financial aid forms, submitting required documentation (such as tax returns or income statements), and meeting application deadlines. Our college's financial aid office can provide guidance and assistance throughout the application process."
What types of academic support are available for students struggling in classes?,"Our college offers various academic support services for students facing challenges in their classes. These may include tutoring sessions, study groups, supplemental instruction sessions, academic workshops, and one-on-one mentoring with faculty or peer tutors."
Are there opportunities for students to publish their research in academic journals?,"Yes, our college provides opportunities for students to publish their research in academic journals, both within their disciplines and interdisciplinary fields. Faculty mentorship, research symposiums, and partnerships with scholarly publications facilitate this process."
Does your college offer dual-degree programs or combined majors?,"Yes, our college offers dual-degree programs and combined majors that allow students to pursue two different degrees or disciplines simultaneously. These programs provide interdisciplinary perspectives, broaden career options, and enhance intellectual versatility."
What types of technology and resources are available in the campus libraries?,"Our campus libraries provide access to a wide range of technology and resources, including computers, printers, scanners, research databases, e-books, academic journals, multimedia materials, study spaces, and expert library staff to assist with research and information literacy."
Is there a career center that helps students with resume building and job interviews?,"Yes, our college has a dedicated career center staffed by professionals who assist students with resume building, cover letter writing, job search strategies, interview preparation, networking skills, career assessments, and professional development workshops."
Are there opportunities for students to study abroad during short-term breaks or summer sessions?,"Yes, our college offers short-term study abroad programs and summer sessions that allow students to explore different countries, cultures, and academic topics while earning credits towards their degrees. These programs range from a few weeks to a few months and cover various subjects."
What types of campus safety measures are in place to ensure student well-being?,"Our college prioritizes campus safety and has implemented various measures to ensure student well-being. These may include campus security patrols, emergency call boxes, safety escorts, safety training programs, crime prevention initiatives, and partnerships with local law enforcement agencies."
Does your college provide opportunities for students to participate in co-op programs or internships?,"Yes, our college offers co-op programs and internships that provide students with valuable work experience, professional networking opportunities, and academic credit. These programs may be paid or unpaid and may take place during the academic year or summer breaks."
What mental health resources are available for students dealing with stress or anxiety?,"Our college provides comprehensive mental health resources and counseling services to support students dealing with stress, anxiety, depression, or other mental health concerns. These services may include individual counseling, group therapy, crisis intervention, psychoeducational workshops, and referral to off-campus providers."
Are there opportunities for students to get involved in community service projects locally?,"Yes, our college encourages students to engage in community service projects locally through volunteer opportunities, service-learning courses, alternative break programs, and partnerships with community organizations. These experiences allow students to give back, make meaningful connections, and address social issues."
What cultural resources or centers are available for students from diverse backgrounds?,"Our college provides cultural resources and centers to support students from diverse backgrounds, including multicultural centers, ethnic student organizations, cultural programming, heritage months, identity-based retreats, and intercultural workshops."
Are there opportunities for students to receive academic credit for internships or work experience?,"Yes, our college offers opportunities for students to receive academic credit for internships, co-op experiences, practicums, field placements, and other forms of work-based learning. These experiences integrate academic theory with real-world practice and may involve reflective assignments or projects."
Does your college have a mentorship program for first-year students?,"Yes, our college has a mentorship program for first-year students that pairs them with upperclassmen, faculty, staff, or alumni mentors who provide guidance, support, and resources to help them navigate the transition to college, set goals, and thrive academically and personally."
What types of financial aid are available for graduate students?,"Our college offers various forms of financial aid for graduate students, including scholarships, fellowships, assistantships, grants, loans, and tuition waivers. Eligibility criteria, application processes, and deadlines may vary by program, so we encourage graduate students to contact their departments or the financial aid office for more information."
Are there opportunities for students to participate in entrepreneurship programs or start their own businesses?,"Yes, our college provides entrepreneurship programs, startup incubators, business competitions, and resources to support students interested in launching their own businesses or pursuing entrepreneurial ventures. These programs offer mentorship, funding, networking opportunities, and access to industry experts and investors."
What is the process for students to change their major or declare a minor?,"The process for students to change their major or declare a minor varies by college and department. Generally, students are required to meet with an academic advisor to discuss their interests, academic goals, and degree requirements. They may need to complete a formal application or paperwork to officially change their major or declare a minor."
Does your college offer online tutoring services for students who cannot attend in-person sessions?,"Yes, our college offers online tutoring services for students who cannot attend in-person sessions due to scheduling conflicts, distance, or other reasons. These services provide flexibility and convenience, allowing students to access academic support from anywhere with an internet connection."
What types of recreational clubs and activities are available on campus?,"Our college offers a wide range of recreational clubs and activities to cater to diverse interests and hobbies. These may include sports clubs, outdoor recreation groups, hobby clubs, gaming clubs, cultural clubs, performance groups, and special interest organizations."
Are there opportunities for students to participate in undergraduate research conferences or presentations?,"Yes, our college provides opportunities for students to participate in undergraduate research conferences, symposiums, presentations, and poster sessions to showcase their scholarly work, share their findings, and engage with peers, faculty, and experts in their fields."
What types of academic advising services are available for students?,"Our college offers comprehensive academic advising services to help students navigate their academic journey, select courses, choose majors, plan for graduation, and explore career options. Academic advisors provide guidance, support, and resources to empower students to make informed decisions and achieve their educational goals."
Does your college offer study groups or collaborative learning opportunities?,"Yes, our college offers study groups, collaborative learning sessions, and peer tutoring programs to promote academic success and engagement among students. These opportunities encourage teamwork, communication skills, critical thinking, and peer support."
What is the process for students to apply for financial aid?,"The process for students to apply for financial aid typically involves completing the Free Application for Federal Student Aid (FAFSA) or other financial aid forms, submitting required documentation (such as tax returns or income statements), and meeting application deadlines. Our college's financial aid office can provide guidance and assistance throughout the application process."
What is the deadline for submitting the FAFSA (Free Application for Federal Student Aid)?,"The deadline for submitting the FAFSA varies depending on your state and college's financial aid deadlines. Generally, it's best to submit the FAFSA as soon as possible after October 1st of the year before you plan to attend college. Some states and colleges have priority deadlines, so be sure to check with your college's financial aid office for specific deadlines."
When is the deadline to submit supplemental application materials for undergraduate admissions?,"The deadline to submit supplemental application materials for undergraduate admissions may vary depending on your college and program. These materials may include transcripts, letters of recommendation, essays, or portfolios. We recommend checking our website or contacting the admissions office for specific deadlines."
Is there an early application deadline for graduate admissions?,"Yes, our college may have an early application deadline for graduate admissions. This deadline typically falls several months before the regular application deadline and may offer certain advantages such as priority consideration for financial aid or housing. Please check our website or contact the graduate admissions office for information on early application deadlines."
What is the deadline for submitting the CSS Profile for financial aid?,"The deadline for submitting the CSS Profile for financial aid varies depending on your college's requirements. Some colleges may have the same deadline as the FAFSA, while others may have different deadlines. We recommend checking with your college's financial aid office for specific deadlines and requirements regarding the CSS Profile."
When will I receive my admissions decision after submitting my application?,"The timeline for receiving admissions decisions varies depending on your college and program. Some colleges may notify applicants of their admissions decision within a few weeks of receiving their application, while others may take several months. We recommend checking our website or contacting the admissions office for information on the admissions decision timeline."
What is the deadline for accepting an offer of admission?,"The deadline for accepting an offer of admission varies depending on your college and program. Generally, colleges provide admitted students with a deadline to submit their enrollment deposit and accept the offer of admission. This deadline is typically several weeks after the admissions decision notification. We recommend checking our website or contacting the admissions office for information on the deadline to accept an offer of admission."
Is there a deadline to apply for housing after being admitted?,"Yes, there may be a deadline to apply for housing after being admitted to our college. Housing availability can fill up quickly, so we encourage admitted students to submit their housing application as soon as possible after receiving their admissions decision. Please check our website or contact the housing office for information on housing application deadlines."
When is the deadline to submit official transcripts for transfer applicants?,"The deadline to submit official transcripts for transfer applicants may vary depending on your college and program. Generally, transfer applicants are required to submit official transcripts from all previous colleges or universities attended by a specified deadline. We recommend checking our website or contacting the admissions office for information on transcript submission deadlines for transfer applicants."
What is the deadline to submit the Common Application for undergraduate admissions?,"The deadline to submit the Common Application for undergraduate admissions varies depending on whether you're applying for regular decision, early action, or early decision. We recommend checking our website or contacting the admissions office for specific deadlines for the current application cycle."
Is there a deadline for submitting the portfolio for applicants to the art program?,"Yes, there may be a deadline for submitting the portfolio for applicants to the art program. Portfolios are typically due by the same deadline as the application for undergraduate admissions, but we recommend checking our website or contacting the admissions office for specific portfolio submission deadlines and requirements."
What is the deadline for submitting letters of recommendation for graduate admissions?,"The deadline for submitting letters of recommendation for graduate admissions may vary depending on your college and program. Generally, letters of recommendation are due by the same deadline as the application for graduate admissions. We recommend checking our website or contacting the graduate admissions office for specific deadlines and requirements regarding letters of recommendation."
When is the deadline to submit the application for scholarships?,"The deadline to submit the application for scholarships may vary depending on the scholarship program and your college's financial aid office. Some scholarships may have the same deadline as the admissions application, while others may have separate deadlines. We recommend checking our website or contacting the financial aid office for information on scholarship application deadlines."
Is there a deadline to apply for transfer admission for the spring semester?,"Yes, there may be a deadline to apply for transfer admission for the spring semester. Transfer application deadlines vary depending on your college and program, but typically fall several months before the start of the semester. We recommend checking our website or contacting the admissions office for information on transfer application deadlines for the spring semester."
What is the deadline for submitting the application for federal work-study?,"The deadline for submitting the application for federal work-study varies depending on your college's financial aid office. Some colleges may have the same deadline as the FAFSA, while others may have different deadlines. We recommend checking with your college's financial aid office for specific deadlines and requirements regarding federal work-study."
